{
  "project_info": {
    "project_number": "3456345634563456",
    "firebase_url": "https://social-network-1077.firebaseio.com",
    "project_id": "social-network-1077",
    "storage_bucket": "social-network-1077.appspot.com"
  },
  "client": [
    {
      "client_info": {
        "mobilesdk_app_id": "1:45634563456:android:575d51ffa0457dce",
        "android_client_info": {
          "package_name": "ru.ifsoft.network"
        }
      },
      "oauth_client": [
        {
          "client_id": "345634563456-jn9ihk1nvv7v56gc43u67a74a14.apps.googleusercontent.com",
          "client_type": 3
        }
      ],
      "api_key": [
        {
          "current_key": "AIzaSyAE456TaTGSRg3bRUR-lmXhzt6D4"
        }
      ],
      "services": {
        "analytics_service": {
          "status": 1
        },
        "appinvite_service": {
          "status": 1,
          "other_platform_oauth_client": []
        },
        "ads_service": {
          "status": 2
        }
      }
    }
  ],
  "configuration_version": "1"
}